"Table 220-19013 : Average monthly salaries, average number of normal working hours per day and average number of standard working days per month of supervisory, technical, clerical, service and miscellaneous non-production workers by industry by occupation by sex",,,,,,,,,,,,,,,,,,,,,,,,,,,,,,,,,,,,,,,,,,,,,,,,,,,,,,,,,,,,,,,,,,,,,,,,,,,,,,,,,,,,,,,,,,,,,,,,,,,,,,,,,,,,,,,,,,,,,,,,,,,,,,,,,,,,,,,,,,,,,,,,,,,,,,,,,,,,,,,,,,,,,,
 ,,,,,,,,,,,,,,,,,,,,,,,,,,,,,,,,,,,,,,,,,,,,,,,,,,,,,,,,,,,,,,,,,,,,,,,,,,,,,,,,,,,,,,,,,,,,,,,,,,,,,,,,,,,,,,,,,,,,,,,,,,,,,,,,,,,,,,,,,,,,,,,,,,,,,,,,,,,,,,,,,,,,,,
 , ,Average monthly salaries (1),Average monthly salaries (1),Average monthly salaries (1),Average monthly salaries (1),Average monthly salaries (1),Average monthly salaries (1),Average monthly salaries (1),Average monthly salaries (1),Average monthly salaries (1),Average monthly salaries (1),Average monthly salaries (1),Average monthly salaries (1),Average monthly salaries (1),Average monthly salaries (1),Average monthly salaries (1),Average monthly salaries (1),Average monthly salaries (1),Average monthly salaries (1),Average monthly salaries (1),Average monthly salaries (1),Average monthly salaries (1),Average monthly salaries (1),Average monthly salaries (1),Average monthly salaries (1),Average monthly salaries (1),Average monthly salaries (1),Average monthly salaries (1),Average monthly salaries (1),Average monthly salaries (1),Average monthly salaries (1),Average monthly salaries (1),Average monthly salaries (1),Average monthly salaries (1),Average monthly salaries (1),Average monthly salaries (1),Average monthly salaries (1),Average monthly salaries (1),Average monthly salaries (1),Average monthly salaries (1),Average monthly salaries (1),Average monthly salaries (1),Average monthly salaries (1),Average monthly salaries (1),Average monthly salaries (1),Average monthly salaries (1),Average monthly salaries (1),Average monthly salaries (1),Average monthly salaries (1),Average monthly salaries (1),Average monthly salaries (1),Average monthly salaries (1),Average monthly salaries (1),Average monthly salaries (1),Average monthly salaries (1),Average monthly salaries (1),Average monthly salaries (1),Average monthly salaries (1),Average monthly salaries (1),Average monthly salaries (1),Average monthly salaries (1),Average monthly salaries (1),Average monthly salaries (1),Average monthly salaries (1),Average monthly salaries (1),Average monthly salaries (1),Average monthly salaries (1),Average monthly salaries (1),Average monthly salaries (1),Average monthly salaries (1),Average monthly salaries (1),Average monthly salaries (1),Average monthly salaries (1),Average monthly salaries (1),Average monthly salaries (1),Average monthly salaries (1),Average monthly salaries (1),Average monthly salaries (1),Average monthly salaries (1),Average monthly salaries (1),Average monthly salaries (1),Average monthly salaries (1),Average monthly salaries (1),Average monthly salaries (1),Average monthly salaries (1),Average monthly salaries (1),Average monthly salaries (1),Average monthly salaries (1),Average monthly salaries (1),Average monthly salaries (1),Average monthly salaries (1),Average monthly salaries (1),Average monthly salaries (1),Average monthly salaries (1),Average monthly salaries (1),Average monthly salaries (1),Average monthly salaries (1),Average monthly salaries (1),Average monthly salaries (1),Average monthly salaries (1),Average number ofnormal working hours per day,Average number ofnormal working hours per day,Average number ofnormal working hours per day,Average number ofnormal working hours per day,Average number ofnormal working hours per day,Average number ofnormal working hours per day,Average number ofnormal working hours per day,Average number ofnormal working hours per day,Average number ofnormal working hours per day,Average number ofnormal working hours per day,Average number ofnormal working hours per day,Average number ofnormal working hours per day,Average number ofnormal working hours per day,Average number ofnormal working hours per day,Average number ofnormal working hours per day,Average number ofnormal working hours per day,Average number ofnormal working hours per day,Average number ofnormal working hours per day,Average number ofnormal working hours per day,Average number ofnormal working hours per day,Average number ofnormal working hours per day,Average number ofnormal working hours per day,Average number ofnormal working hours per day,Average number ofnormal working hours per day,Average number ofnormal working hours per day,Average number ofnormal working hours per day,Average number ofnormal working hours per day,Average number ofnormal working hours per day,Average number ofnormal working hours per day,Average number ofnormal working hours per day,Average number ofnormal working hours per day,Average number ofnormal working hours per day,Average number ofnormal working hours per day,Average number ofstandard working days per month,Average number ofstandard working days per month,Average number ofstandard working days per month,Average number ofstandard working days per month,Average number ofstandard working days per month,Average number ofstandard working days per month,Average number ofstandard working days per month,Average number ofstandard working days per month,Average number ofstandard working days per month,Average number ofstandard working days per month,Average number ofstandard working days per month,Average number ofstandard working days per month,Average number ofstandard working days per month,Average number ofstandard working days per month,Average number ofstandard working days per month,Average number ofstandard working days per month,Average number ofstandard working days per month,Average number ofstandard working days per month,Average number ofstandard working days per month,Average number ofstandard working days per month,Average number ofstandard working days per month,Average number ofstandard working days per month,Average number ofstandard working days per month,Average number ofstandard working days per month,Average number ofstandard working days per month,Average number ofstandard working days per month,Average number ofstandard working days per month,Average number ofstandard working days per month,Average number ofstandard working days per month,Average number ofstandard working days per month,Average number ofstandard working days per month,Average number ofstandard working days per month,Average number ofstandard working days per month
,,HK$,HK$,HK$,HK$,HK$,HK$,HK$,HK$,HK$,HK$,HK$,HK$,HK$,HK$,HK$,HK$,HK$,HK$,HK$,HK$,HK$,HK$,HK$,HK$,HK$,HK$,HK$,HK$,HK$,HK$,HK$,HK$,HK$,HK$,HK$,HK$,HK$,HK$,HK$,HK$,HK$,HK$,HK$,HK$,HK$,HK$,HK$,HK$,HK$,HK$,HK$,HK$,HK$,HK$,HK$,HK$,HK$,HK$,HK$,HK$,HK$,HK$,HK$,HK$,HK$,HK$,HK$,HK$,HK$,HK$,HK$,HK$,HK$,HK$,HK$,HK$,HK$,HK$,HK$,HK$,HK$,HK$,HK$,HK$,HK$,HK$,HK$,HK$,HK$,HK$,HK$,HK$,HK$,HK$,HK$,HK$,HK$,HK$,HK$,Hours,Hours,Hours,Hours,Hours,Hours,Hours,Hours,Hours,Hours,Hours,Hours,Hours,Hours,Hours,Hours,Hours,Hours,Hours,Hours,Hours,Hours,Hours,Hours,Hours,Hours,Hours,Hours,Hours,Hours,Hours,Hours,Hours,Days,Days,Days,Days,Days,Days,Days,Days,Days,Days,Days,Days,Days,Days,Days,Days,Days,Days,Days,Days,Days,Days,Days,Days,Days,Days,Days,Days,Days,Days,Days,Days,Days
Year,,2016,2016,2016,2016,2016,2016,2016,2016,2016,2017,2017,2017,2017,2017,2017,2017,2017,2017,2017,2017,2017,2018,2018,2018,2018,2018,2018,2018,2018,2018,2018,2018,2018,2019,2019,2019,2019,2019,2019,2019,2019,2019,2019,2019,2019,2020,2020,2020,2020,2020,2020,2020,2020,2020,2020,2020,2020,2021,2021,2021,2021,2021,2021,2021,2021,2021,2021,2021,2021,2022,2022,2022,2022,2022,2022,2022,2022,2022,2022,2022,2022,2023,2023,2023,2023,2023,2023,2023,2023,2023,2023,2023,2023,2024,2024,2024,2024,2024,2024,2016,2016,2016,2017,2017,2017,2017,2018,2018,2018,2018,2019,2019,2019,2019,2020,2020,2020,2020,2021,2021,2021,2021,2022,2022,2022,2022,2023,2023,2023,2023,2024,2024,2016,2016,2016,2017,2017,2017,2017,2018,2018,2018,2018,2019,2019,2019,2019,2020,2020,2020,2020,2021,2021,2021,2021,2022,2022,2022,2022,2023,2023,2023,2023,2024,2024
Month,,Jun,Jun,Jun,Sep,Sep,Sep,Dec,Dec,Dec,Mar,Mar,Mar,Jun,Jun,Jun,Sep,Sep,Sep,Dec,Dec,Dec,Mar,Mar,Mar,Jun,Jun,Jun,Sep,Sep,Sep,Dec,Dec,Dec,Mar,Mar,Mar,Jun,Jun,Jun,Sep,Sep,Sep,Dec,Dec,Dec,Mar,Mar,Mar,Jun,Jun,Jun,Sep,Sep,Sep,Dec,Dec,Dec,Mar,Mar,Mar,Jun,Jun,Jun,Sep,Sep,Sep,Dec,Dec,Dec,Mar,Mar,Mar,Jun,Jun,Jun,Sep,Sep,Sep,Dec,Dec,Dec,Mar,Mar,Mar,Jun,Jun,Jun,Sep,Sep,Sep,Dec,Dec,Dec,Mar,Mar,Mar,Jun,Jun,Jun,Jun,Sep,Dec,Mar,Jun,Sep,Dec,Mar,Jun,Sep,Dec,Mar,Jun,Sep,Dec,Mar,Jun,Sep,Dec,Mar,Jun,Sep,Dec,Mar,Jun,Sep,Dec,Mar,Jun,Sep,Dec,Mar,Jun,Jun,Sep,Dec,Mar,Jun,Sep,Dec,Mar,Jun,Sep,Dec,Mar,Jun,Sep,Dec,Mar,Jun,Sep,Dec,Mar,Jun,Sep,Dec,Mar,Jun,Sep,Dec,Mar,Jun,Sep,Dec,Mar,Jun
Sex,,Male,Female,Both sexes,Male,Female,Both sexes,Male,Female,Both sexes,Male,Female,Both sexes,Male,Female,Both sexes,Male,Female,Both sexes,Male,Female,Both sexes,Male,Female,Both sexes,Male,Female,Both sexes,Male,Female,Both sexes,Male,Female,Both sexes,Male,Female,Both sexes,Male,Female,Both sexes,Male,Female,Both sexes,Male,Female,Both sexes,Male,Female,Both sexes,Male,Female,Both sexes,Male,Female,Both sexes,Male,Female,Both sexes,Male,Female,Both sexes,Male,Female,Both sexes,Male,Female,Both sexes,Male,Female,Both sexes,Male,Female,Both sexes,Male,Female,Both sexes,Male,Female,Both sexes,Male,Female,Both sexes,Male,Female,Both sexes,Male,Female,Both sexes,Male,Female,Both sexes,Male,Female,Both sexes,Male,Female,Both sexes,Male,Female,Both sexes,Both sexes,Both sexes,Both sexes,Both sexes,Both sexes,Both sexes,Both sexes,Both sexes,Both sexes,Both sexes,Both sexes,Both sexes,Both sexes,Both sexes,Both sexes,Both sexes,Both sexes,Both sexes,Both sexes,Both sexes,Both sexes,Both sexes,Both sexes,Both sexes,Both sexes,Both sexes,Both sexes,Both sexes,Both sexes,Both sexes,Both sexes,Both sexes,Both sexes,Both sexes,Both sexes,Both sexes,Both sexes,Both sexes,Both sexes,Both sexes,Both sexes,Both sexes,Both sexes,Both sexes,Both sexes,Both sexes,Both sexes,Both sexes,Both sexes,Both sexes,Both sexes,Both sexes,Both sexes,Both sexes,Both sexes,Both sexes,Both sexes,Both sexes,Both sexes,Both sexes,Both sexes,Both sexes,Both sexes,Both sexes,Both sexes,Both sexes
Industry,Broad occupational group/example of occupation,,,,,,,,,,,,,,,,,,,,,,,,,,,,,,,,,,,,,,,,,,,,,,,,,,,,,,,,,,,,,,,,,,,,,,,,,,,,,,,,,,,,,,,,,,,,,,,,,,,,,,,,,,,,,,,,,,,,,,,,,,,,,,,,,,,,,,,,,,,,,,,,,,,,,,,,,,,,,,,,,,,,,
Chinese restaurants,"Supervisory, technical, clerical, service and miscellaneous non-production workers",18031,12346,14818,18338,12420,15062,18817,12762,15435,19088,12790,15595,19258,13265,16036,19583,13354,16351,19853,13654,16621,19815,13612,16532,20254,14094,17114,20349,13999,17116,20361,14208,17222,20319,13960,16961,21269,14297,17562,20744,14178,17420,20947,14418,17535,21016,14294,17510,20895,14591,17454,20687,14651,17381,20874,14827,17556,20394,14781,17194,21338,15065,17642,21094,15315,17600,21438,15387,18083,21394,15247,17955,22145,15492,18373,22186,15534,18557,21837,15951,18765,21607,16311,18830,22055,16909,19430,22083,17322,19650,22402,17437,19895,22190,17633,19921,22790,17467,20213,9,9,9,9,9,9,9,9,9,9,9,9,9,9,9,9,9,9,9,9,9,9,9,9,9,9,9,9,9,9,9,9,9,26,26,26,26,26,26,26,26,26,26,26,26,26,25,26,26,26,26,26,26,26,26,26,26,26,26,26,26,26,26,26,26,26
Chinese restaurants,     Service workers,17963,12282,15223,18294,12274,15441,18773,12743,15865,18900,12755,15982,19146,13082,16326,19464,13113,16638,19930,13469,17071,19741,13531,17050,20145,13999,17451,20053,14036,17496,20132,14173,17627,20160,13924,17373,20987,14097,17884,20687,13727,17831,20789,14213,17947,20832,14087,17930,20765,14571,17884,20622,14761,17903,20790,14756,18006,20218,14678,17563,20557,15013,17719,20231,15335,17590,20498,15378,18073,20589,15049,17953,21157,15170,18227,21530,15367,18686,21326,15856,18939,21059,16356,19025,21309,16909,19418,21530,17509,19816,21635,17647,19927,21360,17810,19877,21934,17211,20014,9,9,9,9,9,9,9,9,9,9,9,9,9,9,9,9,9,9,9,9,9,9,9,9,9,9,9,9,9,9,9,9,9,26,26,26,26,26,26,26,26,26,26,26,26,26,25,26,26,26,26,26,26,26,26,26,26,26,26,26,26,26,26,26,26,26
Chinese restaurants,          Bus Boy,[*1],10550,10569,[*1],10702,10695,[*1],10645,10672,[*1],10817,10836,[*1],11123,11128,[*1],11203,11220,[*1],11209,11236,[*1],11304,11321,[*1],11555,11608,[*1],11672,11739,[*1],11722,11785,[*1],11862,11895,[*1],12208,12211,[*1],12254,12305,[*1],12219,12299,[*1],12254,12276,[*1],12384,12405,[*1],12462,12494,[*1],12495,12499,[*1],12527,12495,[*1],12657,12654,[*1],12787,12769,[*1],12839,12837,[*1],12869,12731,[*1],13018,12918,[*1],13161,13050,[*1],13433,13132,[*1],13308,13131,[*1],12853,13354,[*1],13451,13520,[*1],13551,13628,[*1],13668,13643,[*1],13868,13875,9,9,9,9,9,9,9,9,9,9,9,8,9,9,9,9,9,9,9,9,9,9,9,9,9,9,9,9,9,9,9,9,9,26,26,26,26,26,26,26,26,26,26,26,26,26,26,26,26,26,26,26,26,26,26,26,26,26,26,26,26,26,26,26,26,26
Chinese restaurants,     Miscellaneous non-production workers,10964,11816,11687,10627,11886,11690,10980,12188,11933,11100,12262,12059,11675,12684,12446,11702,12748,12527,11690,12912,12625,11929,12941,12763,11998,13241,12977,12152,13312,13089,12452,13365,13192,12585,13488,13322,12939,13865,13683,13012,14066,13815,13425,14085,13941,12937,14078,13833,13516,14050,13922,12966,14070,13808,13461,14389,14188,13245,14372,14195,12821,14518,14215,12787,14593,14268,13183,14787,14491,13004,14716,14432,13684,14817,14610,13464,14842,14564,13964,15001,14804,13887,14916,14767,14487,14954,14875,13912,15353,15116,14511,15271,15105,14439,15772,15453,14034,16051,15458,9,9,9,9,9,9,9,9,9,9,9,9,9,9,9,9,9,9,9,9,9,9,9,9,9,9,9,9,9,9,9,9,9,26,26,26,26,26,26,26,26,26,26,26,26,26,26,26,26,25,25,25,25,26,26,26,26,26,26,26,26,26,26,26,26,26
Chinese restaurants,          Dishwasher,[*1],11899,11948,[*1],12067,12084,[*1],12220,12231,[*1],12278,12275,[*1],12708,12663,[*1],12797,12767,[*1],12975,12891,[*1],13007,12968,[*1],13301,13195,[*1],13341,13319,[*1],13397,13439,[*1],13563,13584,[*1],13810,13868,[*1],13921,13941,[*1],14027,14026,[*1],14180,14087,[*1],14173,14098,[*1],14235,14147,[*1],14298,14210,[*1],14334,14288,[*1],14380,14351,[*1],14457,14436,[*1],14586,14555,[*1],14584,14529,[*1],14662,14624,[*1],14769,14744,[*1],14975,14875,[*1],14904,14875,[*1],14973,15048,[*1],15379,15210,[*1],15197,15377,[*1],15705,15411,[*1],16304,15642,9,9,9,9,9,9,9,9,9,9,9,9,9,9,9,9,9,9,9,9,9,9,9,9,9,9,9,9,9,9,9,9,9,26,26,26,26,26,26,26,26,26,26,26,26,26,26,26,26,25,25,25,25,26,26,26,26,26,26,26,26,26,26,26,26,26
Real estate maintenance management (more commonly known as property management),"Supervisory, technical, clerical, service and miscellaneous non-production workers",12931,12470,12781,13150,12261,12840,13075,12227,12774,13347,12264,12933,13521,12543,13160,13966,12665,13497,13966,12626,13467,13966,12746,13515,14394,13182,13934,14322,13131,13884,14422,12749,13722,14760,12918,13964,15019,13380,14364,15182,13681,14604,15399,13564,14643,15289,13243,14425,15262,13343,14468,15327,13795,14748,15164,13432,14354,15492,14221,15016,15467,14192,14911,15514,14417,15052,15439,14517,15080,15520,14280,15000,15501,14774,15194,15400,14837,15183,15467,14858,15221,15660,15122,15449,15864,15206,15592,15932,15628,15803,15774,15814,15790,16309,15639,16036,16780,15459,16217,10,10,10,9,10,9,9,9,9,10,9,9,9,9,9,9,9,9,9,9,9,9,9,9,9,9,9,9,9,9,9,9,9,26,26,26,26,26,26,26,26,26,25,25,26,26,26,26,25,26,25,25,25,25,25,25,25,25,25,25,25,25,25,25,25,25
Real estate maintenance management (more commonly known as property management),     Supervisory and technical workers,17373,17119,17310,17489,17059,17377,17516,16829,17324,17673,16805,17433,18045,16951,17743,18196,17262,17948,18541,17550,18260,18453,17581,18209,18900,17916,18633,18889,18160,18692,19081,18317,18896,19393,18569,19198,19631,18587,19388,19814,19086,19621,20072,18527,19670,20306,19439,20077,20441,19441,20168,20493,19158,20124,20352,19755,20174,20409,19741,20239,20572,20067,20435,20765,20136,20588,20648,20275,20549,20711,20166,20581,20844,20765,20822,21201,20220,20907,21136,20720,21031,21371,20220,21115,21366,19807,21000,21486,20188,21082,21412,20720,21218,21538,20931,21355,22137,21530,21951,9,9,9,9,9,9,8,9,9,9,9,9,8,8,8,8,8,8,8,8,8,9,9,9,9,9,9,9,9,9,9,9,9,25,25,25,25,25,25,25,25,25,25,25,25,25,25,25,24,24,24,24,24,24,24,24,24,24,24,24,24,24,24,24,24,24
Real estate maintenance management (more commonly known as property management),          Accounting supervisor,[*1],22774,22624,[*1],22717,22404,[*1],22469,22434,[*1],22284,22150,[*1],22432,22620,[*1],22771,23050,[*1],23186,23146,[*1],23510,23387,[*1],23743,23594,[*1],23843,23713,[*1],24046,23825,[*1],24329,24023,[*1],24645,24369,[*1],24968,24538,[*1],24995,24567,[*1],24983,24616,[*1],25045,24733,[*1],25235,24846,[*1],25647,25111,[*1],26410,25972,[*1],26896,26515,[*1],26997,26972,[*1],27157,27133,[*1],27168,27142,[*1],27480,27464,[*1],27803,27807,[*1],28158,28152,[*1],28534,28652,[*1],27934,28052,[*1],27549,28058,[*1],27430,27730,[*1],27908,28249,[*1],28458,28848,8,8,8,8,8,8,8,8,8,8,8,8,8,8,8,8,8,8,8,8,8,8,8,8,8,8,8,8,8,8,8,8,8,23,23,23,23,23,23,23,23,23,23,23,23,23,23,23,23,23,23,23,23,23,23,23,23,23,23,23,23,23,23,23,23,23
Real estate maintenance management (more commonly known as property management),          Maintenance technician,19664,[*1],19706,20062,[*1],20084,20089,[*1],20135,20229,[*1],20231,20649,[*1],20699,20759,[*1],20796,20926,[*1],20985,20975,[*1],21011,21332,[*1],21345,21577,[*1],21605,21567,[*1],21594,21814,[*1],21855,21874,[*1],21880,22114,[*1],22231,22252,[*1],22278,22508,[*1],22550,22601,[*1],22626,22750,[*1],22794,22656,[*1],22851,22822,[*1],23055,23017,[*1],23356,23204,[*1],23372,23118,[*1],23241,23285,[*1],23323,23382,[*1],23435,23503,[*1],23475,23511,[*1],23483,23967,[*1],23983,24567,[*1],24583,23967,[*1],23984,24055,[*1],24105,24069,[*1],24132,24497,[*1],24583,8,8,8,8,8,8,8,8,8,8,8,8,8,8,8,8,8,8,8,8,8,8,8,8,8,8,8,8,8,8,8,8,8,25,25,25,25,25,25,25,25,25,25,25,25,25,25,25,24,25,24,24,24,24,24,24,24,24,24,24,24,24,24,24,24,24
Real estate maintenance management (more commonly known as property management),          Estate officer/building services officer,18100,17003,17645,18336,17449,18017,18448,17281,17929,18739,17722,18308,19033,17874,18523,19182,18046,18709,19518,18446,19000,19846,18906,19443,20226,18966,19713,20390,19069,19813,20442,19340,20001,20282,19228,19854,20396,19440,20061,20575,19574,20196,20639,19674,20229,20730,19735,20298,20750,19856,20320,20856,20060,20462,20772,20108,20379,20879,20254,20556,21087,20665,20864,21118,20780,20936,21263,20919,21087,21375,21041,21192,21408,21125,21276,21461,21230,21375,21961,21056,21552,22332,21290,21875,22929,21743,22362,22426,21188,21768,21827,20939,21382,22427,21538,21935,23026,21818,22342,8,8,8,8,8,8,8,8,8,8,8,8,8,8,8,8,8,8,8,8,8,8,8,8,8,8,8,8,8,8,8,8,8,24,23,23,23,23,23,24,23,23,23,23,23,23,24,24,23,23,23,23,23,23,23,23,23,23,23,23,23,23,23,23,23,23
Real estate maintenance management (more commonly known as property management),          Building supervisor/security supervisor,15804,14913,15678,15730,14528,15529,15706,14283,15476,15708,14320,15468,16190,14515,15894,16326,14767,16059,16605,14857,16299,16755,15161,16489,16963,15339,16694,17105,15640,16920,17101,15658,16912,17694,15724,17471,17866,16200,17618,18172,16376,17949,18246,16393,17939,18211,16604,18013,18293,16726,18100,18311,16705,18074,18319,16985,18147,18383,17043,18162,18618,17266,18355,18763,17405,18480,18597,17482,18405,18605,17522,18426,18725,17719,18527,18698,17895,18421,19087,17395,18843,19587,17509,19340,19675,18109,19473,19193,17595,18875,18706,18192,18643,19304,18789,19227,19762,19386,19700,9,10,9,9,9,9,9,9,9,10,10,10,9,9,9,9,9,9,9,9,9,9,9,9,9,9,9,9,9,9,9,9,9,26,26,26,26,26,26,26,26,26,25,26,26,26,26,26,26,26,26,26,26,26,26,26,26,26,26,26,26,26,26,26,26,26
Real estate maintenance management (more commonly known as property management),     Clerical and secretarial workers,13432,13166,13203,13640,13502,13519,13192,13482,13448,13324,13831,13756,13384,14242,14047,13581,13738,13706,13968,14028,14013,14164,14105,14121,14180,14403,14344,14624,14442,14498,14765,14247,14389,15077,14372,14560,15353,14567,14755,14745,14677,14689,14316,14768,14665,14148,14371,14316,14826,14866,14856,15033,14552,14673,15480,14834,14991,15412,15172,15247,15718,15435,15524,16212,15740,15872,16074,16159,16139,15886,16087,16036,15865,16158,16109,16181,15759,15812,16509,15947,16055,17009,15852,16072,16831,15802,16106,16367,16144,16223,16832,16279,16455,16376,16483,16447,16975,16891,16919,8,8,8,8,8,8,8,8,8,8,8,8,8,8,8,8,8,8,8,8,8,8,8,8,8,8,8,8,8,8,8,8,8,23,23,23,23,24,24,24,24,24,24,24,23,23,24,23,24,23,23,23,23,23,23,23,23,23,23,23,23,23,23,23,23,23
Real estate maintenance management (more commonly known as property management),          Accounting clerk,[*1],15191,14986,[*1],15338,15170,[*1],15464,15145,[*1],15789,15280,[*1],16025,15597,[*1],16133,16074,[*1],16617,16359,[*1],16788,16585,[*1],17058,16971,[*1],17083,16944,[*1],17075,17028,[*1],17064,17006,[*1],17250,17138,[*1],17254,17299,[*1],17424,17378,[*1],17683,17688,[*1],[*1],17807,[*1],[*1],17872,[*1],[*1],17793,[*1],[*1],18031,[*1],[*1],18165,[*1],[*1],18243,[*1],[*1],18322,[*1],[*1],18317,[*1],[*1],18382,[*1],[*1],18469,[*1],[*1],18557,[*1],[*1],18252,[*1],[*1],18382,[*1],[*1],18730,[*1],[*1],18346,[*1],[*1],18944,[*1],[*1],18918,8,8,8,8,8,8,8,8,8,8,8,8,8,8,8,8,8,8,8,8,8,8,8,8,8,8,8,8,8,8,8,8,8,23,23,23,23,23,23,23,23,23,23,23,23,22,23,23,22,22,22,22,22,22,22,22,22,22,22,22,22,22,22,22,22,22
Real estate maintenance management (more commonly known as property management),          General office clerk,[*1],13146,13144,[*1],13102,13120,[*1],13247,13246,[*1],13671,13577,[*1],13504,13491,[*1],13562,13565,[*1],13975,14057,[*1],14024,14197,[*1],14293,14454,[*1],14379,14555,[*1],14393,14609,[*1],14322,14561,[*1],14531,14714,[*1],14665,14691,[*1],14682,14686,[*1],14756,14754,[*1],14855,14956,[*1],15125,15160,[*1],15188,15256,[*1],15259,15373,[*1],15306,15421,[*1],15416,15560,[*1],15531,15622,[*1],15602,15705,[*1],15772,15813,[*1],15292,15347,[*1],15361,15561,[*1],15243,15510,[*1],15843,15968,[*1],16110,16121,[*1],15624,15800,[*1],16223,16233,[*1],16822,16832,8,8,8,8,8,8,8,8,8,8,8,8,8,8,8,8,8,8,8,8,8,8,8,8,8,8,8,8,8,8,8,8,8,23,23,23,23,23,23,24,23,23,23,23,23,23,23,23,23,23,23,23,23,23,23,23,23,23,23,23,23,23,23,23,23,23
Real estate maintenance management (more commonly known as property management),     Miscellaneous non-production workers,11660,11464,11597,11870,11117,11613,11881,11188,11639,11924,11193,11640,12235,11457,11951,12358,11348,11996,12282,11184,11874,12364,11417,12012,12624,11861,12330,12718,11852,12396,12609,11718,12212,12823,11894,12392,13054,12286,12729,13233,12167,12822,13280,12355,12876,13459,12027,12829,13533,12203,12957,13692,12660,13296,13821,12589,13223,13657,13000,13401,13742,13237,13509,13681,13313,13519,13842,13326,13639,14088,13446,13808,14159,13852,14028,14182,13945,14092,14178,14135,14160,14163,14531,14314,14522,14721,14608,14455,14893,14647,14418,15109,14698,14942,14709,14846,15499,14494,15062,10,10,10,10,10,10,10,10,10,10,10,9,10,10,9,10,9,10,10,10,10,9,10,10,10,10,10,10,10,10,10,10,10,26,26,26,26,26,26,26,26,26,26,26,26,26,26,26,26,26,26,26,26,26,26,26,26,26,26,26,26,26,26,26,26,26
Real estate maintenance management (more commonly known as property management),          Building attendant/guard (2) (3),11699,11858,11746,11940,11597,11836,11941,11629,11842,12007,11753,11920,12299,11988,12199,12489,11901,12308,12439,11900,12266,12478,11904,12296,12717,12261,12564,12887,12447,12748,12933,12419,12734,12988,12571,12822,13211,12881,13094,13318,12903,13185,13362,12995,13219,13496,12755,13249,13571,12789,13324,13757,12996,13491,13817,13194,13554,13694,13376,13585,13790,13607,13729,13955,13768,13886,14076,13905,14021,14144,13904,14049,14259,14079,14189,14320,14152,14264,14302,14401,14339,14246,14704,14417,14442,14643,14518,14423,14919,14620,14412,15192,14695,14936,14686,14842,15535,14920,15306,10,10,10,10,10,10,10,10,10,10,10,10,10,10,10,10,10,10,10,10,10,10,10,10,10,10,10,10,10,10,10,10,10,26,26,26,26,26,26,26,26,26,26,26,26,26,26,26,26,26,26,26,26,26,26,26,26,26,26,26,26,26,26,26,26,26
Real estate maintenance management (more commonly known as property management),               Those employed under 2-shift system,12119,12391,12198,12342,12304,12332,12289,12366,12309,12507,12580,12529,12743,12932,12796,12980,12778,12929,12873,12726,12834,12925,12760,12881,13176,13025,13135,13341,13184,13301,13378,13206,13327,13490,13300,13434,13772,13656,13741,13836,13778,13821,13894,13804,13870,13890,13875,13886,13983,13919,13969,14180,14115,14163,14254,14175,14233,14295,14197,14263,14472,14269,14409,14608,14458,14565,14752,14623,14716,14856,14479,14745,14973,14662,14874,15027,14963,15009,15291,14868,15159,15293,15368,15317,15240,15967,15485,15157,16567,15639,15472,16451,15795,16002,15904,15969,16454,15428,16145,11,11,11,11,11,11,11,11,11,11,11,11,11,11,11,11,11,11,11,11,11,11,11,11,11,11,11,11,11,11,11,11,11,26,26,26,26,26,26,26,26,26,26,26,26,26,26,26,26,26,26,26,26,26,26,26,26,26,26,26,26,26,26,26,26,26
Real estate maintenance management (more commonly known as property management),               Those employed under 3-shift system,10897,10709,10832,11197,10869,11064,11262,10815,11069,11159,10967,11077,11641,11034,11392,11787,11171,11533,11833,11182,11563,11938,11091,11587,12089,11523,11849,12238,11673,12007,12318,11662,11974,12396,11716,12042,12668,11814,12272,12734,11867,12372,12867,11989,12393,12896,11982,12432,12912,12157,12518,13020,12278,12668,12956,12341,12762,13062,12506,12773,13157,12725,12942,13258,12905,13097,13412,12976,13246,13522,13094,13263,13627,13201,13412,13764,13438,13585,13901,13651,13758,14006,13880,13937,14058,14194,14132,14658,14090,14316,15122,13929,14487,14836,14528,14675,14575,15127,14866,8,8,8,8,8,8,8,8,8,8,8,8,8,8,8,8,8,8,8,8,8,8,8,8,8,8,8,8,8,8,8,8,8,26,26,26,26,26,26,26,26,26,26,26,26,26,26,26,26,26,26,26,26,26,26,26,26,26,26,26,26,26,26,26,26,26
Security and investigation (4),"Supervisory, technical, clerical, service and miscellaneous non-production workers",12457,11458,12145,12648,11909,12436,12563,11664,12251,12661,11797,12387,13211,11989,12841,13491,12149,13088,13298,12448,13014,13414,12399,13097,13900,12631,13503,14035,12744,13640,14153,12833,13838,14025,12858,13759,14424,13441,14140,14578,13611,14302,14692,13602,14401,14595,13667,14370,14463,13715,14271,14744,13996,14581,14807,13884,14530,14777,14045,14540,14833,14201,14629,15311,14683,15126,15229,14633,15032,15376,14800,15215,15469,15217,15402,15692,15485,15634,15834,15284,15678,15771,15276,15630,15945,15876,15925,16332,15538,16082,16117,15869,16042,16098,16000,16062,16160,16599,16323,10,10,10,10,9,10,9,10,10,10,10,10,10,10,10,10,9,9,9,9,9,10,10,10,10,10,10,10,10,10,10,10,10,26,26,26,26,26,26,26,26,26,26,26,26,26,26,26,26,26,26,26,26,26,26,26,26,26,26,26,26,26,26,26,26,26
Security and investigation (4),     Supervisory and technical workers,15365,15028,15311,15656,15052,15570,15974,14870,15734,15820,14996,15659,16250,15630,16153,16504,15932,16417,16647,16391,16612,16740,16462,16702,17253,16849,17192,17367,16868,17295,17744,17383,17699,17877,17382,17805,18184,18100,18166,18253,18440,18295,18420,18373,18412,18492,18535,18498,18752,18758,18753,18895,18985,18912,18805,18846,18813,18787,18414,18710,19122,18303,18962,19293,18366,19097,19347,18527,19166,19265,18329,19065,19374,19272,19349,19583,19206,19493,19513,19089,19408,19510,18940,19374,19804,19294,19676,19704,19028,19533,19679,19068,19542,19462,19668,19508,19861,19551,19746,9,9,9,9,9,9,9,9,9,9,10,10,9,9,10,10,9,9,9,9,9,9,9,9,9,9,9,9,9,9,9,9,9,26,26,26,26,26,26,26,26,26,26,26,26,26,26,26,26,26,26,26,26,26,26,26,26,26,26,26,26,26,26,26,26,26
Security and investigation (4),          Security supervisor,15359,[*1],15244,15651,[*1],15514,15961,[*1],15632,15808,[*1],15608,16240,[*1],16083,16502,[*1],16391,16642,[*1],16569,16736,[*1],16652,17249,[*1],17156,17362,[*1],17254,17739,[*1],17676,17865,[*1],17766,18169,[*1],18123,18234,[*1],18231,18406,[*1],18376,18472,[*1],18450,18713,[*1],18682,18872,[*1],18866,18781,[*1],18764,18754,[*1],18637,19104,[*1],18903,19273,[*1],19055,19329,[*1],19125,19248,[*1],19028,19358,[*1],19309,19573,[*1],19459,19502,[*1],19375,19503,[*1],19375,19797,[*1],19656,19700,[*1],19523,19662,[*1],19435,19440,[*1],19446,19839,[*1],19690,9,9,9,9,9,9,9,9,9,9,10,10,9,9,10,10,9,9,9,9,9,9,9,9,9,9,9,9,9,9,9,9,9,26,26,26,26,26,26,26,26,26,26,26,26,26,26,26,26,26,26,26,26,26,26,26,26,26,26,26,26,26,26,26,26,26
Security and investigation (4),     Clerical and secretarial workers,[*1],12775,13012,[*1],12836,13117,[*1],13010,13174,[*1],13064,13320,[*1],13030,13365,[*1],13089,13285,[*1],12986,13213,[*1],13215,13381,[*1],13432,13607,[*1],13528,13685,[*1],13509,13721,[*1],13753,13875,[*1],13925,14000,[*1],14082,14110,[*1],14110,14105,[*1],14348,14453,[*1],14515,14532,[*1],14585,14616,[*1],14742,14776,[*1],14899,14928,[*1],15307,15284,[*1],15300,15235,[*1],15455,15396,[*1],15566,15394,[*1],15688,15561,[*1],15573,15460,[*1],15470,15423,[*1],15430,15390,[*1],15763,15581,[*1],15567,15521,[*1],15618,15549,[*1],15522,15708,[*1],15621,15844,8,8,8,8,8,8,8,8,8,8,8,8,8,8,8,8,8,8,8,8,8,8,8,8,8,8,8,8,8,8,8,8,8,23,23,23,23,23,23,23,23,23,23,23,23,23,23,23,23,23,23,23,23,23,23,23,23,23,23,23,23,23,23,23,23,23
Security and investigation (4),          Bookkeeper/accounting clerk,[*1],[*1],13250,[*1],[*1],13279,[*1],[*1],13469,[*1],[*1],13835,[*1],[*1],13223,[*1],[*1],13299,[*1],[*1],13473,[*1],[*1],13435,[*1],[*1],13576,[*1],[*1],13628,[*1],[*1],13549,[*1],[*1],13630,[*1],[*1],13858,[*1],[*1],14060,[*1],[*1],13960,[*1],[*1],14230,[*1],[*1],14313,[*1],[*1],14400,[*1],[*1],14610,[*1],[*1],14733,[*1],[*1],14978,[*1],[*1],15277,[*1],[*1],15384,[*1],[*1],15475,[*1],[*1],15560,[*1],[*1],15664,[*1],[*1],15491,[*1],[*1],15217,[*1],[*1],15560,[*1],[*1],15665,[*1],[*1],15452,[*1],[*1],15114,[*1],[*1],15483,8,8,8,8,8,8,8,8,8,8,8,8,8,8,8,8,8,8,8,8,8,8,8,8,8,8,8,8,8,8,8,8,8,24,23,23,23,23,23,23,23,23,23,24,23,24,24,24,24,23,23,23,23,23,23,23,23,23,23,23,23,23,23,23,23,23
Security and investigation (4),          General office clerk,[*1],12341,12704,[*1],12352,12799,[*1],12599,12826,[*1],12561,12887,[*1],12744,13112,[*1],12794,13022,[*1],12592,12837,[*1],12891,13101,[*1],13114,13339,[*1],13227,13422,[*1],13302,13556,[*1],13460,13729,[*1],13732,13879,[*1],13825,13909,[*1],13983,14017,[*1],14103,14288,[*1],14295,14363,[*1],14381,14462,[*1],14510,14614,[*1],14674,14752,[*1],14827,14895,[*1],15127,15080,[*1],15150,15116,[*1],15234,15059,[*1],15252,15130,[*1],15035,14958,[*1],15535,15458,[*1],15765,15652,[*1],15834,15586,[*1],15279,15192,[*1],15555,15397,[*1],15472,15652,[*1],15544,15742,8,8,8,8,8,8,8,8,8,8,8,8,8,8,8,8,8,8,8,8,8,8,8,8,8,8,8,8,8,8,8,8,8,23,23,23,23,23,23,23,23,23,23,23,23,23,23,23,23,23,23,23,23,23,23,23,23,23,23,23,23,23,23,23,23,23
Security and investigation (4),     Service workers,12174,11291,11893,12289,11743,12128,12294,11511,12019,12346,11617,12110,12894,11814,12558,13026,11893,12672,12854,12284,12655,12876,12162,12642,13306,12337,12987,13453,12468,13135,13510,12464,13249,13543,12514,13304,13939,13013,13670,14055,13107,13782,14006,13148,13768,13874,13159,13695,14050,13329,13866,14206,13403,14035,14285,13481,14040,14161,13673,13998,14331,13945,14204,14412,14165,14337,14492,14237,14405,14473,14222,14402,14680,14470,14625,14802,14822,14808,15006,14571,14882,14980,14671,14892,15091,15271,15144,15519,14940,15334,15469,15513,15482,15419,15678,15517,15507,16103,15725,10,10,10,10,9,10,10,10,10,10,10,10,10,10,10,10,10,10,10,10,10,10,10,10,10,10,10,10,10,10,10,10,10,26,26,26,26,26,26,26,26,26,26,26,26,26,26,26,26,26,26,26,26,26,26,26,26,26,26,26,26,26,26,26,26,26
Security and investigation (4),          Guard (2) (3) (5),12108,11289,11845,12207,11741,12068,12275,11509,12005,12269,11616,12053,12730,11812,12436,12986,11891,12639,12730,12282,12570,12827,12161,12608,13257,12335,12952,13409,12466,13104,13305,12462,13092,13381,12512,13177,13789,13007,13560,13895,13100,13663,13844,13142,13647,13852,13156,13677,14036,13326,13855,14160,13399,13997,14238,13479,14005,14142,13671,13985,14315,13943,14192,14396,14165,14325,14479,14237,14396,14468,14221,14397,14667,14470,14615,14759,14821,14777,14971,14570,14857,14954,14670,14872,15085,15270,15139,15530,14941,15339,15382,15512,15422,15311,15676,15452,15490,16101,15714,10,10,10,10,10,10,10,10,10,10,10,10,10,10,10,10,10,10,10,10,10,10,10,10,10,10,10,10,10,10,10,10,10,26,26,26,26,26,26,26,26,26,26,26,26,26,26,26,26,26,26,26,26,26,26,26,26,26,26,26,26,26,26,26,26,26
Security and investigation (4),               Those employed for non-airport work under 2-shift system,12504,11842,12327,12633,12053,12470,12673,12301,12566,12783,12513,12697,13155,12778,13049,13430,12569,13205,13380,12933,13269,13387,13083,13316,13669,13597,13652,13809,13764,13797,13796,13667,13770,13892,13775,13866,14284,14174,14256,14375,14218,14337,14352,14200,14312,14380,14275,14354,14560,14434,14528,14699,14634,14688,14720,14679,14705,14708,14630,14685,14856,14961,14892,14974,15123,15014,15034,15177,15081,15045,15245,15092,15281,15400,15304,15479,15750,15534,15575,15771,15609,15626,15921,15689,15686,16214,15798,15661,16551,15877,15831,16276,15956,15937,16305,16052,16032,16390,16163,11,11,11,11,11,11,11,11,11,11,11,11,11,11,11,11,11,11,11,11,11,11,11,11,11,11,11,11,11,11,11,11,11,26,26,26,26,26,26,26,26,26,26,26,26,26,26,26,26,26,26,26,26,26,26,26,26,26,26,26,26,26,26,26,26,26
Security and investigation (4),               Those employed for non-airport work under 3-shift system,9438,[*1],9411,9806,[*1],9637,9891,[*1],9594,9830,[*1],9624,10188,[*1],9928,10383,[*1],10024,10371,[*1],10070,10368,[*1],10102,10546,[*1],10364,10642,[*1],10466,10633,[*1],10460,10659,[*1],10507,10990,[*1],10825,11095,[*1],10918,11081,[*1],10928,11115,[*1],10952,11257,[*1],11087,11342,[*1],11193,11391,[*1],11209,11399,[*1],11212,11520,[*1],11413,11646,[*1],11532,11771,[*1],11609,11748,[*1],11613,11901,[*1],11819,12184,[*1],12045,12288,[*1],12262,12788,[*1],12495,12429,[*1],12745,13029,[*1],12987,12959,[*1],13220,13176,[*1],13471,13376,[*1],13727,8,8,8,8,8,8,8,8,8,8,8,8,8,8,8,8,8,8,8,8,8,8,8,8,8,8,8,8,8,8,8,8,8,26,26,26,26,26,26,26,26,26,26,26,26,26,26,26,26,26,26,26,26,26,26,26,26,26,26,26,26,26,26,26,26,26
Pest control and cleaning services,"Supervisory, technical, clerical, service and miscellaneous non-production workers",9148,8593,8844,9222,8819,8962,9567,8931,9200,9431,8973,9149,9859,9270,9522,9780,9344,9515,10040,9439,9680,10025,9505,9708,10359,9768,9992,10362,9825,10026,10511,9945,10135,10350,9962,10087,10714,10280,10422,11025,10404,10616,11279,10581,10824,11098,10461,10661,11686,10838,11139,11029,10605,10771,11336,10775,10981,11165,10686,10842,11507,10846,11085,11463,10965,11137,11595,11045,11221,11453,11016,11159,11603,11159,11307,11869,11177,11409,12355,11114,11503,12183,11110,11488,12783,11180,11739,12757,11281,11722,13252,11321,11985,13169,11500,12079,13012,11748,12185,8,8,8,8,8,8,8,8,8,8,8,8,8,8,8,8,8,8,8,8,8,8,8,8,8,8,8,8,8,8,8,8,8,26,26,26,26,26,26,26,26,26,26,26,26,26,26,26,26,26,26,26,26,26,26,26,26,26,26,26,26,26,26,26,26,26
Pest control and cleaning services,     Supervisory and technical workers,12250,11630,11936,12666,11999,12324,12928,12206,12598,13399,12534,12980,13562,12717,13168,13757,13160,13466,13839,13267,13565,13828,13338,13587,14500,13840,14186,14683,13968,14326,14896,14034,14439,14754,14087,14398,15264,14552,14886,15360,14573,14920,15234,14663,14941,15534,14786,15130,15830,15265,15538,15744,15337,15529,15677,15275,15477,15764,15068,15403,15987,15388,15696,16040,15522,15775,16100,15432,15778,16045,15419,15722,16203,15495,15835,16399,15590,15984,16550,15427,15968,16561,15444,15994,16426,15857,16138,16787,15772,16272,16999,15567,16278,17284,15319,16225,17206,15628,16347,8,8,8,8,8,8,8,8,8,8,8,9,8,9,9,8,8,8,8,8,9,9,9,9,9,9,9,9,9,9,9,9,9,26,26,26,26,26,26,26,26,26,26,26,26,26,26,26,26,26,26,26,26,26,26,26,26,26,26,26,26,26,26,26,26,26
Pest control and cleaning services,          Supervisor/foreman,12250,11630,11936,12666,11999,12324,12928,12206,12598,13399,12534,12980,13562,12717,13168,13757,13160,13466,13839,13267,13565,13828,13338,13587,14500,13840,14186,14683,13968,14326,14896,14034,14439,14754,14087,14398,15264,14552,14886,15360,14573,14920,15234,14663,14941,15534,14786,15130,15830,15265,15538,15744,15337,15529,15677,15275,15477,15764,15068,15403,15987,15388,15696,16040,15522,15775,16100,15432,15778,16045,15419,15722,16203,15495,15835,16399,15590,15984,16550,15427,15968,16561,15444,15994,16426,15857,16138,16787,15772,16272,16999,15567,16278,17284,15319,16225,17206,15628,16347,8,8,8,8,8,8,8,8,8,8,8,9,8,9,9,8,8,8,8,8,9,9,9,9,9,9,9,9,9,9,9,9,9,26,26,26,26,26,26,26,26,26,26,26,26,26,26,26,26,26,26,26,26,26,26,26,26,26,26,26,26,26,26,26,26,26
Pest control and cleaning services,     Clerical and secretarial workers,[*1],11743,11882,[*1],12041,12120,[*1],12255,12385,[*1],12476,12534,[*1],12905,12957,[*1],13093,13089,[*1],13375,13367,[*1],13162,13195,[*1],13417,13379,[*1],13479,13561,[*1],13699,13804,[*1],13827,14104,[*1],14424,14544,[*1],14324,14618,[*1],14550,14681,[*1],14381,14533,[*1],14661,14672,[*1],14752,14718,[*1],15143,15135,[*1],15092,15070,[*1],15372,15334,[*1],15506,15473,[*1],15395,15384,[*1],15504,15489,[*1],15576,15550,[*1],15947,15878,[*1],15816,15859,[*1],15934,15916,[*1],16397,16333,[*1],16740,16567,[*1],16847,16659,[*1],16759,16642,[*1],16776,16852,8,8,8,8,8,8,8,8,8,8,8,8,8,8,8,8,8,8,8,8,8,8,8,8,8,8,8,8,8,8,8,8,8,24,24,24,24,24,24,24,24,24,24,24,24,24,23,23,23,23,23,23,23,23,23,23,23,23,23,23,23,23,23,23,23,23
Pest control and cleaning services,          Bookkeeper/accounting clerk,[*1],13746,13731,[*1],14106,14100,[*1],13824,13841,[*1],13918,13912,[*1],14295,14371,[*1],14985,15027,[*1],15310,15360,[*1],15519,15290,[*1],15777,15732,[*1],15916,15797,[*1],15958,16013,[*1],15938,15741,[*1],16273,16160,[*1],16227,16294,[*1],16282,16223,[*1],16362,16345,[*1],16421,16381,[*1],16473,16354,[*1],16558,16483,[*1],16625,16564,[*1],16904,16845,[*1],17169,17019,[*1],17254,17046,[*1],17314,17171,[*1],17431,17286,[*1],17567,17324,[*1],17403,17268,[*1],17463,17320,[*1],17473,17342,[*1],17605,17324,[*1],17293,17014,[*1],17001,16817,[*1],17011,16826,8,8,8,8,8,8,8,8,8,8,8,8,8,8,8,8,8,8,8,8,8,8,8,8,8,8,8,8,8,8,8,8,8,23,23,23,24,24,24,23,24,24,24,24,24,24,23,23,23,23,23,23,23,23,23,23,23,23,23,23,23,23,23,23,23,23
Pest control and cleaning services,          General office clerk,[*1],10798,11054,[*1],11195,11407,[*1],11353,11644,[*1],11590,11765,[*1],12109,12171,[*1],12247,12284,[*1],12654,12659,[*1],12444,12419,[*1],12715,12677,[*1],12836,12760,[*1],13008,13117,[*1],13204,13356,[*1],13749,13860,[*1],13658,13923,[*1],13806,13982,[*1],13923,14096,[*1],14161,14228,[*1],14252,14259,[*1],14497,14577,[*1],14546,14582,[*1],14712,14746,[*1],14838,14857,[*1],14975,14985,[*1],14946,14961,[*1],15034,15043,[*1],15138,15138,[*1],15176,15233,[*1],15276,15294,[*1],15876,15894,[*1],16112,16018,[*1],16450,16327,[*1],16433,16372,[*1],16464,16702,8,8,8,8,8,8,8,8,8,8,8,8,8,8,8,8,8,8,8,8,8,8,8,8,8,8,8,8,8,8,8,8,8,24,24,24,24,24,24,24,24,24,24,24,24,24,23,23,23,23,23,23,23,23,23,23,23,23,23,23,23,23,23,23,23,23
Pest control and cleaning services,     Service workers,11418,[*1],10848,[*1],[*1],11098,[*1],[*1],11033,[*1],[*1],11309,11946,[*1],11856,[*1],[*1],11460,[*1],[*1],11878,[*1],[*1],12084,[*1],[*1],12645,[*1],[*1],12252,[*1],[*1],12823,[*1],[*1],12868,[*1],[*1],13484,[*1],[*1],13509,[*1],[*1],13487,[*1],[*1],13543,[*1],[*1],14210,[*1],[*1],13869,[*1],[*1],14674,[*1],[*1],14815,[*1],[*1],15193,[*1],[*1],14792,[*1],[*1],15041,[*1],[*1],15154,[*1],[*1],15239,[*1],[*1],15187,[*1],[*1],14807,[*1],[*1],14927,[*1],[*1],15527,[*1],[*1],15187,[*1],[*1],15786,[*1],[*1],15187,[*1],[*1],15534,8,8,8,8,8,8,8,8,8,8,8,9,8,8,8,8,8,8,8,8,8,8,8,8,8,8,8,8,8,8,8,8,8,25,26,26,26,26,26,26,26,26,26,26,25,26,25,26,26,25,26,26,26,25,26,26,26,26,26,26,26,26,26,26,26,26
Pest control and cleaning services,     Miscellaneous non-production workers,8858,8370,8589,8747,8576,8634,9101,8663,8841,8943,8708,8794,9354,8927,9103,9294,9032,9131,9542,9129,9288,9500,9182,9301,9727,9396,9514,9833,9489,9614,9925,9622,9720,9778,9677,9708,10047,9970,9994,10263,10030,10105,10363,10178,10236,10297,10096,10154,10849,10462,10588,10475,10246,10333,10557,10428,10473,10492,10386,10419,10621,10524,10557,10788,10632,10684,10860,10737,10775,10784,10719,10739,10949,10856,10886,11224,10894,10999,11669,10840,11084,11622,10810,11085,12171,10889,11317,12169,11060,11374,12701,11070,11606,12740,11256,11758,12559,11493,11852,8,8,8,8,8,8,8,8,8,8,8,8,8,8,8,8,8,8,8,8,8,8,8,8,8,8,8,8,8,8,8,8,8,26,26,26,26,26,26,26,26,26,26,26,26,26,26,26,26,26,26,26,26,26,26,26,26,26,26,26,26,26,26,26,26,26
Pest control and cleaning services,          Cleaner (lavatory),[*1],[*1],9169,[*1],[*1],9216,[*1],[*1],9356,[*1],[*1],9419,[*1],[*1],9770,[*1],[*1],9845,[*1],[*1],9906,[*1],[*1],9949,[*1],[*1],10140,[*1],[*1],10220,[*1],[*1],10360,[*1],[*1],10384,[*1],[*1],10636,[*1],[*1],10662,[*1],[*1],10756,[*1],[*1],10805,[*1],[*1],10928,[*1],[*1],10972,[*1],[*1],11056,[*1],[*1],11063,[*1],[*1],11198,[*1],[*1],11263,[*1],[*1],11365,[*1],[*1],11378,[*1],[*1],11526,[*1],[*1],11625,[*1],[*1],11724,[*1],[*1],11841,[*1],[*1],12077,[*1],[*1],12209,[*1],[*1],12367,[*1],[*1],12528,[*1],[*1],12653,9,9,9,9,9,9,9,9,9,9,9,9,9,9,9,9,9,9,9,9,9,9,9,9,9,9,9,9,9,9,9,9,9,26,26,26,26,26,26,26,26,26,26,26,26,26,26,26,26,26,26,26,26,26,26,26,26,26,26,26,26,26,26,26,26,26
Pest control and cleaning services,          Cleaner (general),8677,8353,8493,8572,8562,8565,8751,8652,8690,8704,8695,8698,9011,8913,8951,9091,9015,9043,9206,9115,9148,9205,9165,9179,9387,9369,9375,9409,9470,9449,9565,9593,9585,9619,9654,9643,9832,9907,9884,9923,9951,9942,10048,10044,10046,10105,10061,10074,10233,10182,10198,10311,10205,10244,10398,10304,10336,10334,10340,10338,10470,10486,10481,10522,10543,10536,10618,10650,10641,10637,10656,10650,10805,10801,10802,10876,10858,10863,11376,10816,10972,11455,10768,10993,11917,10849,11190,12075,10994,11276,12424,10922,11381,12477,10976,11431,12176,11400,11626,8,8,8,8,8,8,8,8,8,8,8,8,8,8,8,8,8,8,8,8,8,8,8,8,8,8,8,8,8,8,8,8,8,26,26,26,26,26,26,26,26,26,26,26,26,26,26,26,26,26,26,26,26,26,26,26,26,26,26,26,26,26,26,26,26,26
All selected industry sections,"Supervisory, technical, clerical, service and miscellaneous non-production workers",15838,14332,15026,16482,14373,15338,16362,14481,15357,16213,14448,15262,16553,14724,15600,16733,14984,15790,16707,14811,15714,16667,14954,15748,17478,15338,16351,17799,15519,16616,17828,15540,16631,17964,15656,16755,18226,15931,17026,18269,16006,17089,17914,15795,16777,18023,15612,16733,17936,15777,16743,18139,15846,16912,17951,15567,16631,17910,15485,16612,18165,15606,16787,18233,15848,16964,18207,15919,17013,18178,15867,16948,18383,16042,17148,18392,16214,17258,18672,16312,17433,18528,16563,17515,18987,16726,17810,19333,16944,18046,19227,17208,18164,19396,17298,18269,19665,17464,18494,9,9,9,8,8,8,8,9,9,9,9,9,9,9,8,8,8,8,8,8,9,9,9,9,9,9,9,9,9,9,9,9,9,25,25,25,25,25,25,25,25,25,24,25,24,24,24,24,24,24,24,24,24,24,24,25,24,24,24,24,24,24,24,24,24,24
All selected industry sections,     Supervisory and technical workers,22662,20221,21433,22793,20676,21788,22912,20733,21888,22731,20725,21748,23151,20653,21982,22872,21048,21973,23259,20862,22112,22788,21473,22150,23522,21593,22633,24186,21944,23166,24051,21766,23009,24505,21920,23297,24531,22506,23628,24685,22123,23497,24056,22031,23097,24130,22372,23327,24806,22365,23585,25095,22265,23752,24851,22443,23687,24521,22290,23506,25019,22427,23870,24777,22281,23677,25091,22601,24008,24938,22255,23710,25287,22529,24030,25287,22708,24112,25075,22985,24172,25116,23461,24394,25410,23817,24732,25907,23635,24880,25729,24080,24974,26299,24035,25211,26743,24497,25679,8,8,8,8,8,8,8,8,8,8,8,8,8,8,8,8,8,8,8,8,8,8,8,8,8,8,8,8,8,8,8,8,8,24,24,24,24,24,24,24,24,24,24,24,24,24,24,24,24,24,24,23,23,24,24,24,24,24,24,24,24,24,24,24,24,24
All selected industry sections,          Office/administrative supervisor,[*1],[*1],22663,[*1],[*1],23534,[*1],[*1],23616,[*1],[*1],23263,[*1],[*1],23494,[*1],[*1],23673,[*1],[*1],24105,[*1],[*1],23381,[*1],[*1],23385,[*1],[*1],23559,[*1],[*1],23678,[*1],[*1],23651,[*1],[*1],23917,[*1],[*1],23863,[*1],[*1],23249,[*1],[*1],23143,[*1],[*1],23705,[*1],[*1],23720,[*1],[*1],23962,[*1],[*1],24453,[*1],[*1],24373,[*1],[*1],24274,[*1],[*1],24571,[*1],[*1],25127,[*1],[*1],25024,[*1],[*1],25311,[*1],[*1],25092,[*1],[*1],25012,[*1],[*1],24412,[*1],[*1],24913,[*1],[*1],25462,[*1],[*1],25268,[*1],[*1],25656,8,8,8,8,8,8,8,8,8,8,8,8,8,8,8,8,8,8,8,8,8,8,8,8,8,8,8,8,8,8,8,8,8,23,23,23,23,23,22,22,22,22,22,22,22,22,22,22,22,22,22,22,22,22,22,22,22,22,22,22,22,22,22,22,22,22
All selected industry sections,          Accounting supervisor,25907,24517,24773,25002,24804,24836,25249,24999,25046,25064,25352,25292,25397,25124,25176,25608,25471,25506,25224,25039,25079,25273,24999,25057,25435,25167,25217,25581,25125,25218,25053,25220,25183,25128,25214,25191,25404,25555,25517,25380,25967,25778,25357,25969,25808,25499,25952,25852,25941,26589,26434,26160,26845,26687,25829,26341,26212,26366,26160,26220,26303,25804,25914,25883,24877,25082,25608,24841,24987,25432,25045,25131,25575,25190,25287,25835,25245,25404,25855,25724,25765,26068,25746,25852,26087,26029,26047,26686,26172,26304,27010,26252,26459,26931,26335,26498,27361,26737,26912,8,8,8,8,8,8,8,8,8,8,8,8,8,8,8,8,8,8,8,8,8,8,8,8,8,8,8,8,8,8,8,8,8,23,23,23,23,23,23,23,23,23,23,23,23,23,22,22,23,23,22,22,22,22,22,23,22,22,22,22,22,22,22,22,22,22
All selected industry sections,          Estate officer/building services officer,18109,17060,17661,18346,17499,18031,18431,17341,17941,18722,17756,18309,18990,17958,18530,19195,18100,18728,19474,18444,18975,19829,18899,19424,20229,19005,19720,20361,19109,19804,20432,19356,19994,20289,19310,19889,20468,19580,20154,20609,19627,20236,20627,19702,20236,20820,19835,20390,20753,20019,20398,20901,20161,20534,20986,20211,20529,21131,20404,20757,21366,20735,21034,21382,20828,21085,21404,20892,21144,21563,21065,21295,21633,21133,21375,21459,21349,21418,21881,21165,21559,22294,21421,21913,22865,21901,22407,22396,21307,21822,21825,21098,21465,21899,21213,21544,22498,21811,22136,8,8,8,8,8,8,8,8,8,8,8,8,8,8,8,8,8,8,8,8,8,8,8,8,8,8,8,8,8,8,8,8,8,23,23,23,23,23,23,24,23,23,23,23,23,23,24,24,23,23,23,23,23,23,23,23,23,23,23,23,23,23,23,23,23,23
All selected industry sections,     Clerical and secretarial workers,14623,14457,14489,15019,14516,14615,14749,14539,14583,15053,14760,14824,15150,15113,15121,15201,15131,15146,15271,15123,15154,15682,15327,15405,15966,15736,15790,16153,16115,16124,15950,16095,16061,15938,16127,16086,15784,16066,16004,16178,16398,16351,16168,16013,16041,16188,15821,15890,16545,15902,16025,17216,16022,16264,16578,15714,15912,16219,15782,15898,16793,15936,16142,16983,16593,16687,17029,16732,16797,16989,16866,16895,17493,17009,17118,17608,17205,17291,17129,16911,16955,17111,16934,16969,17719,17319,17401,17736,17782,17771,18176,17825,17898,18318,17769,17881,18456,17910,18015,8,8,8,8,8,8,8,8,8,8,8,8,8,8,8,8,8,8,8,8,8,8,8,8,8,8,8,8,8,8,8,8,8,24,24,24,24,24,24,24,23,23,23,23,23,23,23,23,23,23,23,23,23,23,23,23,23,23,23,23,23,23,23,23,23,23
All selected industry sections,          Stock/purchasing clerk,12521,12924,12741,12926,13281,13114,13069,13305,13175,13307,13643,13431,13691,14178,13913,13916,14253,14054,13844,14149,13960,14155,14577,14328,14409,14803,14560,14421,15119,14687,14566,15101,14792,14657,15336,14998,15198,15203,15201,15473,15522,15500,15466,14748,15082,15678,15166,15396,16059,14546,15192,16129,15048,15427,16605,15065,15658,15843,14997,15388,16362,15599,15995,16932,15592,16165,16777,15790,16209,16489,15770,16059,16568,15725,16053,16894,16015,16350,16680,16360,16485,17143,16442,16720,17027,16786,16899,17063,17052,17057,17242,16882,17064,17281,16996,17116,17471,17455,17462,8,8,8,8,8,8,8,8,8,8,8,8,8,8,8,8,8,8,8,8,8,8,8,8,8,8,8,8,8,8,8,8,8,24,24,23,23,23,23,23,23,23,23,23,24,23,23,23,23,23,23,23,23,23,23,23,23,23,23,23,23,23,23,23,23,23
All selected industry sections,          Bookkeeper/accounting clerk,15482,15937,15886,16103,16060,16066,16072,15885,15910,16274,16193,16206,15921,16057,16039,16333,16184,16204,16912,16408,16473,17131,16561,16642,17284,16786,16857,17341,16911,16971,17424,16768,16850,17345,16632,16710,17443,17302,17322,17629,17269,17300,18441,17535,17615,18757,17517,17651,19189,18124,18247,19163,17751,17938,19221,17576,17738,18768,17109,17237,18874,17022,17215,18250,17082,17201,18647,17160,17252,18553,17078,17196,18012,17197,17273,18228,17417,17511,18334,17294,17396,18549,17695,17755,18342,18048,18070,18789,18221,18281,18800,18396,18444,19038,18341,18434,19364,18866,18928,8,8,8,8,8,8,8,8,8,8,8,8,8,8,8,8,8,8,8,8,8,8,8,8,8,8,8,8,8,8,8,8,8,23,23,23,23,23,23,23,23,23,23,23,23,23,23,23,23,23,23,23,23,23,23,23,23,23,23,23,23,23,23,23,23,23
All selected industry sections,          General office clerk,14602,13020,13214,14872,12865,13115,14585,12907,13200,14936,13349,13601,14591,13933,14051,14653,14023,14128,15079,13906,14126,14984,14108,14269,15050,14444,14560,15101,14442,14580,15148,14698,14775,15232,14823,14884,15007,15035,15029,15227,15289,15277,15385,15341,15347,15774,15158,15232,15916,15095,15232,16516,15019,15295,16166,14982,15179,15716,15105,15254,15755,15402,15467,16019,15238,15367,16119,15471,15573,16060,15489,15583,16674,15577,15731,17174,15778,15984,17315,15687,15975,16819,15869,16032,16219,16111,16123,16816,16637,16667,16747,16766,16762,16942,17017,17002,16979,17160,17128,8,8,8,8,8,8,8,8,8,8,8,8,8,8,8,8,8,8,8,8,8,8,8,8,8,8,8,8,8,8,8,8,8,24,24,24,24,24,23,24,23,23,23,23,23,23,23,23,23,23,23,23,23,23,23,23,23,23,23,23,23,23,23,23,23,23
All selected industry sections,          Cashier/chit clerk,[*1],11562,11604,[*1],11591,11632,[*1],11603,11655,[*1],11723,11749,[*1],11971,12017,[*1],11980,12006,[*1],11947,12032,[*1],12120,12141,[*1],12336,12406,[*1],12328,12472,[*1],12372,12485,[*1],12607,12632,[*1],13031,12909,[*1],13192,12925,[*1],12817,12833,[*1],12880,12891,[*1],13099,13107,[*1],13097,13100,[*1],13013,13028,[*1],13050,13102,[*1],13333,13345,[*1],13365,13369,[*1],13411,13408,[*1],13426,13424,[*1],13643,13641,[*1],13668,13663,[*1],13734,13723,[*1],13733,13733,[*1],13961,13968,[*1],14007,14006,[*1],14045,14064,[*1],14087,14090,[*1],14358,14361,9,9,8,8,8,8,8,8,8,9,8,8,8,8,9,8,8,8,8,8,8,8,8,8,8,8,8,8,8,8,8,8,8,26,26,25,26,25,25,25,25,25,25,25,25,25,25,25,25,25,25,25,25,25,25,25,25,25,25,25,25,25,25,25,25,25
All selected industry sections,          Receptionist/telephone operator,[*1],13893,13959,[*1],13809,13792,[*1],14051,14111,[*1],13994,14061,[*1],14347,14380,[*1],14471,14600,[*1],14728,14841,[*1],14932,15055,[*1],15099,15177,[*1],15158,15250,[*1],15465,15524,[*1],15560,15585,[*1],15897,16116,[*1],15675,15667,[*1],15448,15449,[*1],15526,15510,[*1],15130,15151,[*1],15673,15700,[*1],15430,15450,[*1],15961,15716,[*1],16001,16001,[*1],16269,16207,[*1],16144,16105,[*1],16139,16111,[*1],16540,16457,[*1],16441,16439,[*1],16015,16077,[*1],16317,16364,[*1],16453,16587,[*1],16742,16439,[*1],16891,16821,[*1],16975,17025,[*1],17240,17278,8,8,8,8,8,8,8,8,8,8,8,8,8,8,8,8,8,8,8,8,8,8,8,8,8,8,8,8,8,8,8,8,8,23,23,23,23,23,23,23,23,23,22,22,23,22,22,22,22,22,22,22,22,22,22,22,22,22,22,22,22,22,22,22,22,22
All selected industry sections,          Documentation/shipping clerk,16401,15444,15645,16360,15443,15615,15967,15749,15789,16019,15957,15972,15882,16457,16312,16075,16663,16513,16467,16605,16572,16706,16365,16445,16993,16488,16615,17118,16546,16690,17322,16527,16758,16720,16497,16557,16536,16532,16533,16412,17048,16940,15769,16661,16510,16214,16755,16672,16899,17405,17324,17326,17782,17676,16834,17483,17387,17648,17884,17824,17920,18132,18081,17769,18059,17955,17614,17547,17566,17410,17429,17423,17295,17650,17581,17655,17391,17447,18155,17649,17760,18572,17468,17709,18837,18068,18213,19127,17905,18141,19420,17907,18198,19530,17853,18129,19594,18224,18404,8,8,8,8,8,8,8,8,8,8,8,8,8,8,8,8,8,8,8,8,8,8,8,8,8,8,8,8,8,8,8,8,8,23,23,22,23,22,23,23,23,23,23,23,23,23,23,22,22,23,22,22,22,23,23,22,22,22,22,22,22,22,22,22,22,22
All selected industry sections,          Receptionist (in restaurants),[*1],13292,13294,[*1],13987,13987,[*1],13942,13943,[*1],14129,14129,[*1],14357,14304,[*1],15102,15101,[*1],15109,15109,[*1],15548,15532,[*1],15589,15589,[*1],16080,16023,[*1],16095,16094,[*1],16066,16051,[*1],16665,16658,[*1],16200,16152,[*1],16229,16150,[*1],16123,16117,[*1],16000,16027,[*1],16253,16820,[*1],16686,16686,[*1],16386,16386,[*1],16288,16199,[*1],17068,16875,[*1],17251,17254,[*1],17546,17497,[*1],17639,17547,[*1],17165,17177,[*1],16936,16936,[*1],17490,17490,[*1],18090,18073,[*1],18502,18507,[*1],18069,18099,[*1],18063,18063,[*1],18662,18662,9,9,9,9,9,9,9,9,9,9,9,9,9,9,9,9,9,9,9,9,9,9,9,9,9,9,9,9,9,9,9,9,9,26,26,26,26,26,26,26,25,26,25,25,25,25,25,25,25,25,24,24,24,25,25,25,25,25,25,25,25,25,25,25,25,25
All selected industry sections,     Service workers,14255,11812,13167,14656,11899,13461,14399,11873,13212,14153,11789,13110,14911,12227,13781,15134,12416,13952,15045,12487,13938,15379,12598,14197,16020,13314,14865,16049,13276,14889,15993,13645,15048,16030,13656,15135,16415,14210,15529,16283,13780,15274,15706,13483,14770,15686,13132,14612,15800,13716,14929,16080,13832,15125,15673,13251,14568,15550,13210,14440,15809,13848,14886,16090,14072,15177,16037,14221,15217,15820,13484,14755,16114,13870,15122,16231,14081,15275,16370,14286,15431,16236,14056,15286,16558,14385,15582,16824,14855,15902,16941,14881,16028,16814,14961,15944,16814,14994,15980,9,9,9,9,9,9,9,9,9,9,9,9,9,9,9,9,9,9,9,9,9,9,9,9,9,9,9,9,9,9,9,9,9,25,25,25,25,25,25,25,25,25,25,25,25,25,25,25,25,25,25,25,25,25,25,25,25,25,25,25,25,25,25,25,25,25
All selected industry sections,          Cook,18121,14612,17352,18386,14714,17565,18427,14755,17385,18740,15168,17929,18867,15502,18244,19035,16019,18414,19314,15724,18571,19521,15909,18715,19835,16438,19121,20035,16673,19390,20197,16792,19380,20016,16764,19360,20271,17453,19738,20521,17326,19901,20318,17328,19577,20135,16958,19349,20392,17447,19608,20786,17023,19629,20630,17053,19634,20267,16709,19240,20344,17516,19490,20545,17464,19738,21065,17878,20156,20970,17797,20165,20963,18325,20214,21260,18773,20546,20872,18337,20046,20986,18414,20308,21252,18273,20215,21208,18887,20358,21595,19294,20891,21801,19401,21036,22319,19948,21635,9,9,9,9,9,9,9,9,9,9,9,9,9,9,9,9,9,9,9,9,9,9,9,9,9,9,9,9,9,9,9,9,9,26,26,26,26,26,26,26,26,26,26,26,25,26,25,25,25,26,25,25,25,25,25,25,25,25,25,25,25,25,25,25,25,25
All selected industry sections,          Waiter/waitress,13030,12369,12526,13179,12263,12480,13291,12319,12530,13179,12533,12688,13503,12868,13024,14398,12851,13225,14167,12939,13254,14250,13055,13434,14369,13595,13814,14649,13773,14043,14679,13839,14063,14793,14073,14286,15046,14507,14672,15219,14656,14851,15142,14683,14818,15084,14761,14827,15079,14889,14930,15366,15014,15082,15294,15001,15059,15160,15015,15046,15428,15124,15186,15668,15265,15364,15670,15277,15396,15548,15231,15286,15637,15417,15482,15740,15653,15679,16057,15594,15719,15834,15672,15720,15990,15919,15940,15934,16250,16149,15814,16441,16230,16130,16338,16270,16572,16419,16466,9,9,9,9,9,9,9,9,9,9,9,9,9,9,9,9,9,9,9,9,9,9,9,9,9,9,9,9,9,9,9,9,9,26,26,26,26,26,26,26,25,26,25,25,24,24,24,25,25,25,25,25,25,25,25,25,25,25,25,25,25,25,25,25,25,25
All selected industry sections,     Miscellaneous non-production workers,11323,9876,10658,11614,9850,10713,11580,9996,10838,11607,10008,10782,11790,10148,11021,12113,10266,11195,11981,10216,11132,12061,10407,11206,12384,10770,11531,12379,10755,11518,12453,10892,11585,12654,10991,11722,12940,11285,12029,13041,11333,12126,12982,11313,12054,13107,11181,12028,13168,11333,12143,13038,11323,12155,13170,11538,12250,13136,11502,12244,13114,11775,12367,13174,11844,12442,13589,11935,12724,13608,11977,12731,13622,12126,12808,13826,12065,12917,14037,12252,13093,13851,12381,13110,14198,12471,13292,14355,12491,13324,14478,12527,13457,14717,12581,13614,15108,12702,13875,9,9,9,9,9,9,9,9,9,9,9,9,9,9,9,9,9,9,9,9,9,9,9,9,9,9,9,9,9,9,9,9,9,26,26,26,26,26,26,26,26,26,25,26,26,26,26,26,26,26,26,26,26,26,26,26,26,26,26,26,26,26,26,26,26,26
All selected industry sections,          General worker,11567,10090,10643,11745,10047,10718,11266,10281,10780,11600,10467,10915,11577,10676,11202,11783,11095,11409,11743,10923,11396,12189,11393,11708,12527,11616,12042,12822,11918,12214,12885,11741,12249,12885,12186,12501,13311,12150,12632,14096,12639,13224,14336,12545,13384,13983,12163,13031,14248,12741,13411,14080,12329,13062,13618,11643,12393,14058,11935,12784,13618,11632,12498,13868,12270,12974,13752,12703,13277,13526,12110,12827,13562,12151,12860,13829,12047,12877,13872,12375,13144,14291,12280,13344,13705,12462,13018,14004,12948,13424,14541,13547,13968,14205,13337,13696,14740,13446,13984,8,8,8,8,8,8,8,8,8,8,8,8,8,8,8,8,8,8,8,8,8,8,8,8,8,8,8,8,8,8,8,8,8,25,25,25,25,25,25,25,25,25,25,25,25,25,25,25,25,25,24,25,25,25,25,25,25,25,25,25,25,25,25,25,25,25
All selected industry sections,          Messenger/office assistant,11237,10322,10764,10906,10647,10772,10693,10794,10740,11237,10580,10873,11317,10711,10963,11195,10864,10996,11271,10794,10976,11206,10967,11063,11379,10984,11168,11566,11038,11250,11532,11152,11286,11586,11129,11343,11731,11288,11465,11594,11552,11569,11627,11546,11580,11530,11518,11522,11714,11584,11622,11964,11622,11732,11902,11688,11758,11968,11604,11714,12095,11671,11810,12230,11692,11942,12328,11736,12008,12345,11759,11961,12737,11794,12041,12551,11989,12193,12685,12011,12237,12939,11824,12204,12518,12201,12294,12482,12434,12449,12166,12746,12499,11772,12978,12498,11556,13294,12577,8,8,8,8,8,8,8,8,8,8,8,8,8,8,8,8,8,8,8,8,8,8,8,8,8,8,8,8,8,8,8,8,8,23,23,23,23,23,23,23,23,23,23,23,23,22,23,22,23,23,23,23,23,23,23,23,23,23,23,23,23,23,23,23,23,23
All selected industry sections,          Driver,15853,[*1],15849,16014,[*1],16013,16300,[*1],16295,16249,[*1],16196,16412,[*1],16404,16716,[*1],16707,17094,[*1],17089,17475,[*1],17463,17695,[*1],17684,17681,[*1],17673,17619,[*1],17611,17810,[*1],17803,18311,[*1],18314,18167,[*1],18316,17919,[*1],18099,18425,[*1],18605,18579,[*1],18539,18483,[*1],18489,18100,[*1],18117,18105,[*1],18123,18165,[*1],18181,18795,[*1],18793,18508,[*1],18512,18284,[*1],18283,18506,[*1],18490,18796,[*1],18781,18471,[*1],18457,18436,[*1],18412,19026,[*1],19012,18552,[*1],18548,18551,[*1],18547,18112,[*1],18113,18606,[*1],18607,8,8,8,8,8,8,8,8,9,8,8,8,8,8,8,8,8,8,8,8,8,8,8,8,8,8,8,8,8,8,8,8,8,25,25,25,25,25,25,25,25,24,25,24,24,24,24,24,24,25,25,25,25,25,25,25,25,25,25,25,25,25,25,25,25,25
All selected industry sections,          Dishwasher,12864,12161,12195,12503,12308,12317,12213,12361,12351,11930,12457,12431,12484,12260,12276,12698,12563,12572,12389,12429,12426,12730,12936,12920,12574,12935,12917,12803,12945,12934,12870,12962,12958,13555,13322,13339,14090,13912,13922,14456,13717,13748,14483,13329,13403,14075,13157,13234,14256,13389,13426,14299,13501,13560,14131,13612,13657,14111,13607,13632,14237,13878,13897,14285,14243,14245,14426,14649,14642,14056,14718,14700,14382,15156,15126,14366,15076,15037,14366,15380,15295,14020,15248,15092,14616,15404,15311,14852,15346,15304,15422,15270,15290,14823,15457,15360,15422,15456,15448,9,9,9,9,9,9,9,9,9,9,9,9,9,9,9,9,9,9,9,9,9,9,9,9,9,9,9,9,9,9,9,9,9,26,26,26,26,26,25,25,25,25,25,25,24,25,25,24,24,24,24,24,24,25,25,25,25,25,25,25,25,25,25,25,25,25
All selected industry sections,          Bell boy (in hotels),12412,[*1],12412,12658,[*1],12658,12528,[*1],12528,12542,[*1],12542,12696,[*1],12696,12963,[*1],12963,12982,[*1],12982,13023,[*1],13023,13125,[*1],13130,13315,[*1],13329,13388,[*1],13390,13479,[*1],13486,13683,[*1],13629,13866,[*1],13809,13867,[*1],13815,13879,[*1],13806,13985,[*1],13896,14145,[*1],14069,14199,[*1],14106,14264,[*1],14138,14282,[*1],14240,14577,[*1],14443,14778,[*1],14532,14733,[*1],14507,14794,[*1],14642,14922,[*1],14890,15015,[*1],14982,14971,[*1],14971,15125,[*1],15125,15381,[*1],15381,15474,[*1],15476,15422,[*1],15495,15559,[*1],15639,9,8,9,8,9,8,9,9,9,9,9,9,9,9,9,9,8,9,9,9,9,9,9,9,9,9,9,9,9,9,9,9,9,24,24,24,25,24,24,24,24,24,23,24,24,24,24,24,24,24,24,24,24,24,24,24,24,24,24,24,24,24,24,24,24,24
 ,,,,,,,,,,,,,,,,,,,,,,,,,,,,,,,,,,,,,,,,,,,,,,,,,,,,,,,,,,,,,,,,,,,,,,,,,,,,,,,,,,,,,,,,,,,,,,,,,,,,,,,,,,,,,,,,,,,,,,,,,,,,,,,,,,,,,,,,,,,,,,,,,,,,,,,,,,,,,,,,,,,,,,
Note(s):,,,,,,,,,,,,,,,,,,,,,,,,,,,,,,,,,,,,,,,,,,,,,,,,,,,,,,,,,,,,,,,,,,,,,,,,,,,,,,,,,,,,,,,,,,,,,,,,,,,,,,,,,,,,,,,,,,,,,,,,,,,,,,,,,,,,,,,,,,,,,,,,,,,,,,,,,,,,,,,,,,,,,,
"""All selected industry sections"" refers to all industries covered by the wage enquiry of the Labour Earnings Survey, including those not separately shown in the table. For statistics on individual occupations, employees under the electric power generation, transmission and distribution, gas manufacture and distribution, railway and cable transport, public bus services, and licensed and franchised ferry services sectors are excluded.",,,,,,,,,,,,,,,,,,,,,,,,,,,,,,,,,,,,,,,,,,,,,,,,,,,,,,,,,,,,,,,,,,,,,,,,,,,,,,,,,,,,,,,,,,,,,,,,,,,,,,,,,,,,,,,,,,,,,,,,,,,,,,,,,,,,,,,,,,,,,,,,,,,,,,,,,,,,,,,,,,,,,,
1 Average monthly salaries covers: (i) basic wages/salaries (including paid holidays and leave); (ii) commission and tips (excluding tips received directly from customers); (iii) shift allowance; (iv) cost-of-living allowance; (v) meal allowance and meal benefit; (vi) good attendance bonus; (vii) guaranteed year-end bonus/payment; and (viii) other guaranteed bonuses and allowances.,,,,,,,,,,,,,,,,,,,,,,,,,,,,,,,,,,,,,,,,,,,,,,,,,,,,,,,,,,,,,,,,,,,,,,,,,,,,,,,,,,,,,,,,,,,,,,,,,,,,,,,,,,,,,,,,,,,,,,,,,,,,,,,,,,,,,,,,,,,,,,,,,,,,,,,,,,,,,,,,,,,,,,
2 Building attendants/guards and security guards under the 2-shift system mostly work 12 hours per shift while those under the 3-shift system mostly work 8 hours per shift.,,,,,,,,,,,,,,,,,,,,,,,,,,,,,,,,,,,,,,,,,,,,,,,,,,,,,,,,,,,,,,,,,,,,,,,,,,,,,,,,,,,,,,,,,,,,,,,,,,,,,,,,,,,,,,,,,,,,,,,,,,,,,,,,,,,,,,,,,,,,,,,,,,,,,,,,,,,,,,,,,,,,,,
"3 The major duties of building attendant are: (i) to prevent unauthorised entry into the building; (ii) to rush to the scene to assist and report to the police as appropriate if an emergency occurs; (iii) to register visitors going in and out of the building; (iv) to record every incident that occurs in the building (e.g. lift breakdown, power failure, water seepage, alarm ringing), and notify those responsible for appropriate follow-up action; (v) to ensure that common corridors and fire escapes are always kept clear; and (vi) to attend to all complaints and enquiries lodged by owners, occupants and visitors. The major duties of guard are: (i) to prevent unauthorised entry into the building; (ii) to patrol regularly to prevent violence, fire or disturbances; and (iii) to rush to the scene to assist and report to the police as appropriate if an emergency occurs.",,,,,,,,,,,,,,,,,,,,,,,,,,,,,,,,,,,,,,,,,,,,,,,,,,,,,,,,,,,,,,,,,,,,,,,,,,,,,,,,,,,,,,,,,,,,,,,,,,,,,,,,,,,,,,,,,,,,,,,,,,,,,,,,,,,,,,,,,,,,,,,,,,,,,,,,,,,,,,,,,,,,,,
4 The establishments included are essentially security services companies.,,,,,,,,,,,,,,,,,,,,,,,,,,,,,,,,,,,,,,,,,,,,,,,,,,,,,,,,,,,,,,,,,,,,,,,,,,,,,,,,,,,,,,,,,,,,,,,,,,,,,,,,,,,,,,,,,,,,,,,,,,,,,,,,,,,,,,,,,,,,,,,,,,,,,,,,,,,,,,,,,,,,,,
"5 The average salaries for those guards working under 2-shift and 3-shift arrangements do not include guards performing airport security due to their special job duties (such as X-ray screening and access control to the airport restricted area) and related requirements of special skills. However, the overall average salaries of guard include guards performing airport security.",,,,,,,,,,,,,,,,,,,,,,,,,,,,,,,,,,,,,,,,,,,,,,,,,,,,,,,,,,,,,,,,,,,,,,,,,,,,,,,,,,,,,,,,,,,,,,,,,,,,,,,,,,,,,,,,,,,,,,,,,,,,,,,,,,,,,,,,,,,,,,,,,,,,,,,,,,,,,,,,,,,,,,
[*1] Figure is not released in order to safeguard confidentiality of information of individual establishments.,,,,,,,,,,,,,,,,,,,,,,,,,,,,,,,,,,,,,,,,,,,,,,,,,,,,,,,,,,,,,,,,,,,,,,,,,,,,,,,,,,,,,,,,,,,,,,,,,,,,,,,,,,,,,,,,,,,,,,,,,,,,,,,,,,,,,,,,,,,,,,,,,,,,,,,,,,,,,,,,,,,,,,
 ,,,,,,,,,,,,,,,,,,,,,,,,,,,,,,,,,,,,,,,,,,,,,,,,,,,,,,,,,,,,,,,,,,,,,,,,,,,,,,,,,,,,,,,,,,,,,,,,,,,,,,,,,,,,,,,,,,,,,,,,,,,,,,,,,,,,,,,,,,,,,,,,,,,,,,,,,,,,,,,,,,,,,,
Source:,,,,,,,,,,,,,,,,,,,,,,,,,,,,,,,,,,,,,,,,,,,,,,,,,,,,,,,,,,,,,,,,,,,,,,,,,,,,,,,,,,,,,,,,,,,,,,,,,,,,,,,,,,,,,,,,,,,,,,,,,,,,,,,,,,,,,,,,,,,,,,,,,,,,,,,,,,,,,,,,,,,,,,
"Labour Earnings SurveyWages & Labour Costs Statistics Section (1),Census and Statistics Department(Enquiry telephone no. : 2887 5550 Enquiry e-mail : wage@censtatd.gov.hk)",,,,,,,,,,,,,,,,,,,,,,,,,,,,,,,,,,,,,,,,,,,,,,,,,,,,,,,,,,,,,,,,,,,,,,,,,,,,,,,,,,,,,,,,,,,,,,,,,,,,,,,,,,,,,,,,,,,,,,,,,,,,,,,,,,,,,,,,,,,,,,,,,,,,,,,,,,,,,,,,,,,,,,
 ,,,,,,,,,,,,,,,,,,,,,,,,,,,,,,,,,,,,,,,,,,,,,,,,,,,,,,,,,,,,,,,,,,,,,,,,,,,,,,,,,,,,,,,,,,,,,,,,,,,,,,,,,,,,,,,,,,,,,,,,,,,,,,,,,,,,,,,,,,,,,,,,,,,,,,,,,,,,,,,,,,,,,,
"Release Date: 26 September, 2024",,,,,,,,,,,,,,,,,,,,,,,,,,,,,,,,,,,,,,,,,,,,,,,,,,,,,,,,,,,,,,,,,,,,,,,,,,,,,,,,,,,,,,,,,,,,,,,,,,,,,,,,,,,,,,,,,,,,,,,,,,,,,,,,,,,,,,,,,,,,,,,,,,,,,,,,,,,,,,,,,,,,,,
